title,price,rating,reviews
"Lenovo V15 Gen 4 Laptop, 15.6"" FHD Display, AMD Ryzen 3 7320U Processor, Long Battery Life, RJ-45, USB-C, HDMI, w/WOWPC Bundle, Windows 11 Pro (16GB RAM | 1TB PCIe SSD)",$429.00,,11 ratings
"Lenovo IdeaPad 1 Student Laptop, Intel Dual Core Processor, 20GB RAM, 1TB SSD + 128GB eMMC, 15.6"" FHD Display, 1 Year Office 365, Windows 11 Home, Wi-Fi 6, Webcam, Bluetooth, SD Card Reader, Grey",$399.00,4.2 out of 5 stars,48 ratings
"HP Newest 14"" HD Light Thin Laptop Student Business, Quad-Core Intel N4120, 4GB RAM, 128GB (64GB eMMC+ 64GB SD), Webcam, Wi-Fi, Long Battery, Windows 11S + 1 Year Office 365+MarxsolAccessory Rose Gold",$229.00,,57 ratings
"ASUS Vivobook Go 12 L210 11.6” ultra-thin laptop, 2022 version, Intel Celeron N4020, 4GB RAM, 64GB eMMC, Win 11 Home in S mode with One Year of Office 365 Personal, L210MA-DS02",$149.99,3.9 out of 5 stars,896 ratings
"Lenovo V15 Gen 4 Laptop, 15.6"" FHD Display, AMD Ryzen 3 7320U Processor, Long Battery Life, RJ-45, USB-C, HDMI, w/WOWPC Bundle, Windows 11 Pro (16GB RAM | 1TB PCIe SSD)",$429.00,,11 ratings
"WIPEMIK Laptop Computer, 16GB LPDDR5 RAM Laptop 512GB NVMe SSD, Intel 4-Core N100 Processor, 15.6 Inch 1080P IPS Display Windows 11 Pro Laptops, WiFi 6, BT 5.0, RJ45 Ethernet, USB Type-C, Fingerprint",$349.00,4.8 out of 5 stars,52 ratings
"ASUS Chromebook CM14 Laptop, 14"" HD Anti-Glare Display (1366x768), MediaTek Kompanio 520, 4GB RAM, 64GB eMMC, ChromeOS, Gray, CM1402CM2A-DS44, Gravity Grey",$199.99,,896 ratings
"Lenovo 15.6"" IdeaPad 1 Laptop, 20GB Memory, 1TB SSD Storage, Intel Pentium Processor (4-cores, 3.3GHz), 15.6"" Anti-glare Display, Wi-Fi 6 and Bluetooth, HDMI, Type-C, 1 Year Office 365,Windows 11 Home",$399.87,4.2 out of 5 stars,125 ratings
"ACEMAGIC Laptop Computer 16GB DDR4 512GB SSD, Intel Quad-Core N95 Processor Windows 11 Laptop, 15.6 inch Laptop with Metal Body Support 1080P, TF Card, WiFi, BT5.0, Type_C, 38Wh Battery",$349.99,,15 ratings
"Dell Inspiron 16 5620 Laptop- 16.0-inch 16:10 FHD+ (1920 x 1200) Display, Intel Core i7-1255U, 16GB Memory, 512GB SSD, NVIDIA GeForce MX570, Intel Wi-Fi 6E, Windows 11 Home - Platinum Silver",$824.99,4.2 out of 5 stars,46 ratings
"OTVOC Laptop 16 inch Windows 11 Pro, VocBook 16, Intel 12th Gen N95, Up to 3.4GHz, 16GB DDR5 RAM, 1TB PCIE NVME SSD, 16"" FHD IPS 1920x1200, 2.0MP, 2.4G+5G WiFi, BT 5.0, HDMI, RJ45, Type C, Gray",$389.99,,504 ratings
"ASUS Chromebook CM14 Laptop, 14"" HD Anti-Glare Display (1366x768), MediaTek Kompanio 520, 4GB RAM, 64GB eMMC, ChromeOS, Gray, CM1402CM2A-DS44, Gravity Grey",$199.99,,896 ratings
"Lenovo V15 Laptop, 15.6"" FHD Display, AMD Ryzen 5 5500U Hexa-core Processor (Beat Intel i7-1065G7), 16GB RAM, 1TB SSD, HDMI, RJ45, Numeric Keypad, Wi-Fi, Windows 11 Pro, Black",$475.00,,92 ratings
"Maypug Laptop Computer -1080P IPS Full HD Laptop,12GB DDR4 512GB SSD Quad-Core Intel Celeron Processors, Pre-Installed Windows 11, USB 3.0, 15.6''Screen, Bluetooth 4.2, 2.4G/5G WiFi, Mini-HDMI",$299.99,,12 ratings
"HP 15 Notebook Laptop, 15.6"" Full HD Display, Intel Core i5-1135G7 Processor, 32GB DDR4 RAM, 1TB PCIe SSD, USB Type-C, Webcam, Wi-Fi, Windows 11 Home, Silver",$536.00,,51 ratings
"jumper Laptop, 16 Inch FHD IPS 16:10 Screen，Intel Celeron Quad Core CPU, 4GB LPDDR4 RAM 128GB Storage, Laptops Computer with Office 365 1-Year Subscription, 4 Stereo Speakers, Numeric Keypad, GPS.",$195.49,,41 ratings
"Lenovo 15.6"" IdeaPad 1 Laptop, 20GB Memory, 1TB SSD Storage, Intel Pentium Processor (4-cores, 3.3GHz), 15.6"" Anti-glare Display, Wi-Fi 6 and Bluetooth, HDMI, Type-C, 1 Year Office 365,Windows 11 Home",$399.87,4.2 out of 5 stars,125 ratings
"SGIN Laptops, 15.6 Inch Laptop, 24GB DDR4 1024GB SSD Laptops Computer with Intel Celeron N5095 Processor(Up to 2.9GHz), FHD 1920x1080 IPS Display, Bluetooth 4.2, Webcam, WiFi",$299.99,2.0 out of 5 stars,2 ratings
"ASUS Chromebook CM14 Laptop, 14"" HD Anti-Glare Display (1366x768), MediaTek Kompanio 520, 4GB RAM, 64GB eMMC, ChromeOS, Gray, CM1402CM2A-DS44, Gravity Grey",$199.99,,896 ratings
"HP Victus 15 Gaming Laptop 15.6"" FHD IPS 144Hz AMD 7000 Ryzen 5 7535HS (Beats i7-11800H) GeForce RTX 2050 4GB Graphic Backlit USB-C B&O Win11 Black + HDMI Cable (8GB RAM | 512GB PCIe SSD)",$580.00,5.0 out of 5 stars,2 ratings
"Chicbuy 15.6'' Laptop Computer, 8GB RAM Laptop, 256GB SSD, 1366 * 768 IPS Display, Intel Celeron N5095 Processors, 5000mWh Battery, USB 3.0, Bluetooth 4.2, 2.4/5G WiFi",$199.99,,44 ratings
"WIPEMIK 14"" Laptop Computer, 16GB RAM Laptop 512GB SSD, Intel Quad-Cores N4120 Processor, Windows 11 Pro Laptop with 1080P FHD IPS Screen, Support 2.4G/5G WiFi, USB 3.0, Long Lasting Battery",$279.00,,41 ratings
"Coolby 15.6inch Windows 11 Laptop, 16GB RAM/1TB NVMe SSD, 1920x1080 IPS Display, Intel N95 Quad Core Laptop Computer, Support 2.4G/5G Hz WiFi, BT, RJ45, Type-c PD 3.0 Charging",$359.00,,51 ratings
"HP Newest 14"" Ultral Light Laptop for Students and Business, Intel Quad-Core N4120, 8GB RAM, 192GB Storage(64GB eMMC+128GB Micro SD), 1 Year Office 365, Webcam, HDMI, WiFi, USB-A&C, Win 11 S",$260.62,4.2 out of 5 stars,"1,084 ratings"
"Lenovo V15 Gen 4 Business Laptop, 15.6"" FHD Screen, AMD Ryzen 5 5500U, 12GB RAM, 512GB SSD, Webcam, HDMI, Wi-Fi, Windows 11 Pro, Black",$464.95,,44 ratings
"HP 14 Laptop, Intel Celeron N4020, 4 GB RAM, 64 GB Storage, 14-inch Micro-edge HD Display, Windows 11 Home, Thin & Portable, 4K Graphics, One Year of Microsoft 365 (14-dq0040nr, 2021, Snowflake White)",$180.00,3.8 out of 5 stars,844 ratings
"Hp Essential 255 G9 Laptop, 15.6"" Anti-Glare FHD Display, AMD Ryzen 5 5625U (Beat i7-1165G7), 6 cores Upto 4.3GHz, 20GB RAM, 1TB SSD, Numeric Keypad, Type-C, 1-Year Microsoft Office, Windows 11",$575.55,,71 ratings
